"Resident Birth by Mother's Race/Ethnicity, 2014",,,,,,,,,,,,,,,,,,
,,,,,,,,,,,,,,,,,,
,All Live Births,,,,,,"Births Weighting < 2,500 grams",,,,,,Births to Mothers < 18,,,,,
Census Tract,All,"White, NH","Black, NH","Asian, NH",Hispanic,Other,All,"White, NH","Black, NH","Asian, NH",Hispanic,Other,All,"White, NH","Black, NH","Asian, NH",Hispanic,Other
100,32,22,1,4,5,0,5,1,1,2,1,0,1,0,0,0,1,0
200,31,8,0,17,0,6,2,0,0,1,0,1,0,0,0,0,0,0
300,47,28,2,6,4,7,2,0,0,0,2,0,0,0,0,0,0,0
401,24,16,1,3,2,2,4,1,0,1,0,2,0,0,0,0,0,0
402,20,12,0,7,0,1,2,0,0,2,0,0,0,0,0,0,0,0
500,14,6,2,6,0,0,0,0,0,0,0,0,0,0,0,0,0,0
600,15,4,1,5,0,5,0,0,0,0,0,0,0,0,0,0,0,0
700,27,10,1,14,2,0,2,0,0,2,0,0,0,0,0,0,0,0
801,24,17,0,7,0,0,3,2,0,1,0,0,0,0,0,0,0,0
803,21,14,0,4,1,2,2,1,0,1,0,0,0,0,0,0,0,0
804,40,21,2,9,5,3,4,1,0,1,1,1,0,0,0,0,0,0
901,12,6,3,1,0,2,1,0,1,0,0,0,0,0,0,0,0,0
902,30,18,2,3,3,4,3,3,0,0,0,0,0,0,0,0,0,0
1001,21,15,2,1,0,3,1,1,0,0,0,0,0,0,0,0,0,0
1002,28,20,1,4,2,1,0,0,0,0,0,0,0,0,0,0,0,0
1101,41,20,4,6,6,5,5,4,0,0,0,1,0,0,0,0,0,0
1102,24,19,1,3,0,1,2,2,0,0,0,0,0,0,0,0,0,0
1201,54,40,0,7,2,5,5,4,0,0,0,1,0,0,0,0,0,0
1202,49,40,1,4,2,2,4,4,0,0,0,0,0,0,0,0,0,0
1300,110,77,10,13,8,2,7,3,1,2,0,1,0,0,0,0,0,0
1400,76,53,7,9,5,2,4,2,2,0,0,0,1,0,1,0,0,0
1500,52,31,5,5,3,8,1,0,1,0,0,0,0,0,0,0,0,0
1600,42,30,0,4,2,6,2,0,0,1,0,1,0,0,0,0,0,0
1700,56,44,0,4,3,5,2,1,0,0,0,1,0,0,0,0,0,0
1800,64,39,10,4,4,7,6,3,2,0,1,0,0,0,0,0,0,0
1900,64,41,14,2,1,6,5,2,3,0,0,0,1,0,1,0,0,0
2000,56,16,27,5,4,4,7,2,5,0,0,0,2,0,2,0,0,0
2100,29,6,18,1,2,2,2,0,2,0,0,0,1,0,1,0,0,0
2200,27,5,17,2,2,1,0,0,0,0,0,0,0,0,0,0,0,0
2300,43,23,3,3,10,4,5,3,2,0,0,0,0,0,0,0,0,0
2400,74,37,6,10,16,5,5,4,0,1,0,0,0,0,0,0,0,0
2500,69,40,16,3,6,4,10,6,3,0,0,1,2,0,1,0,1,0
2701,60,16,7,11,22,4,7,0,1,0,6,0,1,0,0,1,0,0
2702,44,33,3,2,3,3,3,2,0,0,0,1,0,0,0,0,0,0
2801,79,16,3,16,39,5,4,0,0,2,2,0,3,0,0,1,2,0
2802,87,48,0,18,10,11,7,5,0,2,0,0,0,0,0,0,0,0
2900,55,40,1,4,5,5,3,2,0,0,0,1,0,0,0,0,0,0
3001,54,12,10,20,7,5,4,3,0,1,0,0,0,0,0,0,0,0
3002,45,9,21,4,6,5,4,0,1,0,1,2,1,0,1,0,0,0
3100,56,2,48,1,3,2,7,0,6,0,0,1,1,0,1,0,0,0
3200,88,8,69,0,2,9,17,0,14,0,0,3,4,0,4,0,0,0
3300,104,18,68,7,5,6,21,4,13,0,3,1,3,0,3,0,0,0
3600,109,16,64,8,9,12,12,2,7,0,0,3,7,0,5,1,1,0
3701,101,8,65,12,11,5,13,2,9,0,1,1,3,0,3,0,0,0
3702,76,7,41,13,6,9,9,0,6,2,0,1,2,0,1,1,0,0
3800,41,31,0,5,4,1,1,0,0,0,1,0,1,0,0,0,1,0
3901,83,52,9,8,6,8,3,3,0,0,0,0,1,1,0,0,0,0
3902,59,49,1,1,3,5,4,3,0,0,0,1,0,0,0,0,0,0
4001,54,34,0,8,7,5,8,4,0,1,0,3,1,0,0,0,1,0
4002,61,39,1,5,11,5,5,3,0,0,2,0,0,0,0,0,0,0
4101,151,24,19,39,48,21,15,1,5,2,5,2,3,1,0,0,2,0
4102,131,31,8,44,27,21,19,5,1,7,4,2,3,1,1,0,0,1
4201,64,45,3,6,5,5,6,5,0,0,0,1,0,0,0,0,0,0
4202,67,40,3,8,9,7,9,6,0,0,2,1,1,0,0,0,1,0
5000,4,0,0,2,1,1,2,0,0,2,0,0,0,0,0,0,0,0
5400,17,1,13,2,0,1,1,0,1,0,0,0,0,0,0,0,0,0
5500,65,3,45,6,5,6,6,0,5,1,0,0,1,0,1,0,0,0
5600,20,0,17,1,1,1,3,0,2,0,0,1,0,0,0,0,0,0
6000,109,5,66,14,4,20,10,0,9,0,0,1,2,0,1,0,1,0
6100,45,0,31,9,2,3,2,0,0,0,2,0,2,0,1,0,0,1
6200,90,5,69,6,2,8,15,1,11,0,0,3,3,0,3,0,0,0
6300,81,3,62,6,4,6,8,0,7,0,0,1,1,0,1,0,0,0
6400,93,5,75,6,2,5,7,1,5,0,0,1,2,0,2,0,0,0
6500,81,0,73,0,3,5,15,0,15,0,0,0,4,0,3,0,1,0
6600,62,1,49,6,3,3,4,0,4,0,0,0,3,0,3,0,0,0
6700,141,5,110,7,5,14,15,0,15,0,0,0,4,0,3,1,0,0
6900,52,1,45,0,3,3,8,0,7,0,0,1,1,0,1,0,0,0
7000,63,1,53,0,2,7,12,0,8,0,0,4,0,0,0,0,0,0
7101,47,6,30,1,3,7,7,3,3,0,0,1,2,0,2,0,0,0
7102,78,2,70,0,2,4,10,1,9,0,0,0,4,0,3,0,1,0
7200,85,1,78,2,2,2,11,0,11,0,0,0,3,0,3,0,0,0
7300,51,3,39,1,4,4,5,0,4,0,0,1,1,0,1,0,0,0
7400,64,1,62,0,0,1,11,0,11,0,0,0,0,0,0,0,0,0
7700,14,5,6,3,0,0,1,0,1,0,0,0,1,0,1,0,0,0
7800,41,19,11,7,2,2,3,1,1,0,1,0,0,0,0,0,0,0
7900,57,34,10,7,4,2,2,0,1,0,1,0,0,0,0,0,0,0
8000,60,11,43,1,2,3,10,1,8,1,0,0,1,0,1,0,0,0
8101,49,2,45,0,1,1,12,0,12,0,0,0,0,0,0,0,0,0
8102,80,1,70,0,3,6,15,0,12,0,1,2,0,0,0,0,0,0
8200,86,1,77,1,3,4,14,0,12,0,1,1,2,0,2,0,0,0
8301,58,1,51,0,1,5,11,0,10,0,0,1,5,0,4,0,0,1
8302,72,1,63,1,3,4,9,0,7,0,0,2,4,0,4,0,0,0
8400,63,0,57,1,0,5,6,0,4,0,0,2,2,0,2,0,0,0
8500,109,6,89,3,3,8,21,0,18,0,1,2,6,0,4,0,0,2
8601,46,19,14,6,2,5,2,1,1,0,0,0,0,0,0,0,0,0
8602,45,5,32,3,2,3,5,0,4,0,1,0,3,0,2,0,1,0
8701,54,13,7,28,4,2,2,0,0,2,0,0,0,0,0,0,0,0
8702,19,6,4,7,0,2,2,0,2,0,0,0,0,0,0,0,0,0
8802,9,2,5,2,0,0,0,0,0,0,0,0,0,0,0,0,0,0
9000,5,2,1,2,0,0,0,0,0,0,0,0,0,0,0,0,0,0
9100,32,1,20,9,0,2,3,0,2,1,0,0,2,0,2,0,0,0
9200,39,3,24,3,4,5,6,0,5,0,0,1,1,0,1,0,0,0
9300,79,1,68,1,3,6,16,0,12,0,1,3,7,0,7,0,0,0
9400,76,2,66,0,2,6,7,0,7,0,0,0,4,0,3,0,0,1
9500,47,1,38,0,3,5,6,0,6,0,0,0,0,0,0,0,0,0
9600,83,1,73,0,0,9,6,0,4,0,0,2,1,0,1,0,0,0
9801,25,3,18,0,0,4,5,0,4,0,0,1,0,0,0,0,0,0
9802,72,5,59,0,3,5,7,0,7,0,0,0,1,0,1,0,0,0
10000,52,0,47,1,1,3,5,0,5,0,0,0,2,0,2,0,0,0
10100,73,1,62,0,3,7,8,0,7,0,0,1,3,0,1,0,1,1
10200,59,0,53,1,1,4,15,0,14,0,0,1,0,0,0,0,0,0
10300,49,1,43,0,3,2,7,0,6,0,0,1,0,0,0,0,0,0
10400,57,1,49,0,3,4,5,0,4,0,0,1,4,0,3,0,0,1
10500,44,1,37,1,0,5,2,0,2,0,0,0,0,0,0,0,0,0
10600,26,3,19,2,0,2,4,0,3,0,0,1,2,0,2,0,0,0
10700,67,1,60,0,2,4,14,0,11,0,0,3,3,0,3,0,0,0
10800,68,3,54,1,5,5,11,0,9,0,0,2,2,0,1,0,0,1
10900,32,1,29,0,0,2,6,1,4,0,0,1,1,0,1,0,0,0
11000,69,3,58,1,2,5,15,1,14,0,0,0,3,0,3,0,0,0
11100,73,4,60,1,5,3,14,0,11,0,1,2,3,0,2,0,1,0
11200,84,3,74,0,6,1,10,1,8,0,1,0,1,0,1,0,0,0
11300,32,0,27,2,0,3,5,0,5,0,0,0,1,0,1,0,0,0
11400,95,3,85,1,2,4,15,0,13,0,0,2,0,0,0,0,0,0
11500,52,2,47,0,2,1,6,0,6,0,0,0,4,0,3,0,0,1
11700,4,2,2,0,0,0,0,0,0,0,0,0,0,0,0,0,0,0
11800,52,1,46,0,3,2,8,1,7,0,0,0,2,0,1,0,1,0
11900,64,2,57,0,0,5,5,0,4,0,0,1,2,0,2,0,0,0
12000,9,1,5,0,0,3,0,0,0,0,0,0,0,0,0,0,0,0
12100,32,3,18,5,0,6,5,0,3,0,0,2,0,0,0,0,0,0
12201,24,2,8,6,0,8,4,0,1,2,0,1,0,0,0,0,0,0
12203,33,5,2,7,2,17,0,0,0,0,0,0,0,0,0,0,0,0
12204,25,2,18,0,4,1,2,0,1,0,1,0,0,0,0,0,0,0
12500,72,32,0,28,3,9,6,6,0,0,0,0,0,0,0,0,0,0
13100,29,8,19,2,0,0,4,0,4,0,0,0,0,0,0,0,0,0
13200,36,3,23,1,8,1,4,0,3,0,1,0,1,0,0,0,1,0
13300,30,10,13,2,4,1,1,0,1,0,0,0,1,0,1,0,0,0
13401,24,17,0,5,1,1,2,2,0,0,0,0,0,0,0,0,0,0
13402,38,29,3,1,4,1,4,3,1,0,0,0,1,0,0,0,1,0
13500,55,28,16,4,3,4,7,3,3,1,0,0,1,0,1,0,0,0
13601,52,36,1,6,0,9,4,2,0,1,0,1,0,0,0,0,0,0
13602,59,43,4,4,2,6,4,3,0,0,1,0,0,0,0,0,0,0
13700,91,22,57,3,1,8,6,1,3,0,1,1,4,0,4,0,0,0
13800,24,1,19,1,2,1,1,0,1,0,0,0,1,0,1,0,0,0
13900,56,3,51,1,1,0,12,0,12,0,0,0,1,0,1,0,0,0
14000,38,6,24,2,4,2,7,0,7,0,0,0,3,0,2,0,1,0
14100,42,6,24,1,6,5,4,0,3,0,1,0,3,0,2,0,0,1
14200,51,29,4,4,6,8,2,1,0,0,1,0,0,0,0,0,0,0
14300,20,12,2,2,1,3,0,0,0,0,0,0,0,0,0,0,0,0
14400,50,16,11,1,20,2,5,1,2,0,1,1,1,0,0,0,1,0
14500,38,0,27,1,7,3,2,0,2,0,0,0,3,0,3,0,0,0
14600,18,0,15,0,1,2,4,0,2,0,1,1,0,0,0,0,0,0
14700,29,0,23,0,3,3,3,0,2,0,0,1,1,0,1,0,0,0
14800,14,0,11,0,2,1,4,0,4,0,0,0,0,0,0,0,0,0
14900,72,1,63,1,3,4,13,1,11,0,0,1,3,0,3,0,0,0
15101,43,3,36,1,0,3,10,2,8,0,0,0,1,0,1,0,0,0
15102,102,0,94,0,5,3,13,0,13,0,0,0,2,0,2,0,0,0
15200,136,1,123,1,5,6,19,0,18,0,0,1,6,0,6,0,0,0
15300,26,1,21,1,1,2,4,0,2,0,1,1,0,0,0,0,0,0
15600,26,5,4,0,17,0,3,0,1,0,2,0,0,0,0,0,0,0
15700,38,8,2,4,18,6,7,1,0,1,5,0,0,0,0,0,0,0
15800,84,67,1,4,3,9,7,7,0,0,0,0,0,0,0,0,0,0
16000,127,100,8,3,10,6,11,9,1,0,0,1,1,0,0,0,1,0
16100,110,50,14,10,27,9,8,3,1,0,3,1,4,0,2,1,1,0
16200,30,1,7,0,22,0,5,0,2,0,3,0,2,0,1,0,1,0
16300,78,4,6,2,60,6,8,1,0,0,6,1,2,0,0,0,2,0
16400,75,2,32,1,38,2,14,0,5,0,9,0,2,0,1,0,1,0
16500,58,0,53,0,5,0,12,0,10,0,2,0,2,0,2,0,0,0
16600,13,0,10,0,2,1,2,0,2,0,0,0,2,0,2,0,0,0
16701,70,1,62,0,6,1,8,0,7,0,1,0,3,0,3,0,0,0
16702,54,2,45,2,2,3,11,1,10,0,0,0,4,0,4,0,0,0
16800,63,0,59,0,0,4,12,0,12,0,0,0,1,0,1,0,0,0
16901,71,1,62,0,3,5,11,0,10,0,0,1,4,0,2,0,1,1
16902,107,1,96,1,5,4,14,0,13,0,0,1,5,0,5,0,0,0
17000,50,5,39,2,4,0,4,0,4,0,0,0,2,0,2,0,0,0
17100,68,3,60,1,3,1,3,0,3,0,0,0,3,0,3,0,0,0
17201,67,2,57,0,4,4,5,0,4,0,0,1,1,0,1,0,0,0
17202,68,0,59,2,5,2,10,0,8,0,1,1,1,0,1,0,0,0
17300,48,0,41,0,4,3,5,0,5,0,0,0,3,0,3,0,0,0
17400,49,2,41,1,5,0,9,0,8,0,1,0,0,0,0,0,0,0
17500,134,2,37,0,92,3,17,2,6,0,7,2,9,0,0,0,9,0
17601,124,3,10,0,109,2,13,0,1,0,11,1,6,0,0,0,6,0
17602,77,2,8,0,66,1,6,0,0,0,6,0,4,0,0,0,3,1
17701,88,7,25,2,53,1,14,2,7,0,5,0,7,0,3,0,4,0
17702,112,10,20,1,77,4,14,2,2,0,10,0,7,0,1,0,6,0
17800,160,30,43,2,83,2,16,2,8,0,5,1,7,0,3,0,4,0
17900,117,31,34,0,48,4,14,4,3,0,6,1,3,0,0,0,3,0
18001,52,37,1,2,7,5,0,0,0,0,0,0,0,0,0,0,0,0
18002,80,61,0,2,2,15,3,1,0,0,0,2,0,0,0,0,0,0
18300,45,38,2,0,1,4,4,4,0,0,0,0,1,1,0,0,0,0
18400,37,33,0,1,3,0,0,0,0,0,0,0,1,1,0,0,0,0
18800,140,26,47,3,61,3,19,8,3,0,8,0,6,1,0,0,5,0
19000,139,10,25,5,90,9,9,0,0,0,8,1,3,1,2,0,0,0
19100,133,11,17,14,86,5,12,1,1,2,8,0,2,0,0,0,2,0
19200,199,13,45,4,132,5,23,0,3,0,17,3,9,0,1,0,8,0
19501,110,6,17,0,84,3,9,0,2,0,6,1,10,0,1,0,9,0
19502,68,6,6,0,56,0,10,0,2,0,8,0,4,1,0,0,3,0
19700,133,4,39,3,83,4,3,0,0,0,3,0,6,0,2,0,4,0
19800,133,3,42,0,83,5,15,0,5,0,8,2,5,0,1,0,4,0
19900,90,2,30,0,56,2,10,0,5,0,4,1,3,0,0,0,3,0
20000,14,0,10,0,0,4,1,0,0,0,0,1,1,0,1,0,0,0
20101,72,1,63,1,3,4,9,0,9,0,0,0,1,0,1,0,0,0
20102,50,0,46,0,3,1,10,0,10,0,0,0,1,0,1,0,0,0
20200,88,8,70,0,6,4,16,3,12,0,0,1,4,0,4,0,0,0
20300,39,0,34,0,4,1,9,0,9,0,0,0,0,0,0,0,0,0
20400,45,1,39,0,1,4,9,0,8,0,0,1,1,0,1,0,0,0
20500,39,0,30,0,5,4,5,0,4,0,0,1,3,0,2,0,1,0
20600,20,8,8,1,1,2,0,0,0,0,0,0,0,0,0,0,0,0
20700,117,83,9,10,8,7,11,7,2,0,2,0,1,0,0,0,1,0
20800,14,6,4,2,2,0,0,0,0,0,0,0,0,0,0,0,0,0
20900,30,23,4,0,2,1,3,3,0,0,0,0,1,0,1,0,0,0
21000,65,55,4,1,3,2,2,2,0,0,0,0,0,0,0,0,0,0
21100,36,30,0,2,3,1,2,2,0,0,0,0,0,0,0,0,0,0
21200,35,27,6,0,1,1,1,0,1,0,0,0,1,1,0,0,0,0
21300,44,34,5,3,1,1,2,1,0,1,0,0,0,0,0,0,0,0
21400,37,27,6,2,1,1,1,1,0,0,0,0,1,1,0,0,0,0
21500,53,45,1,2,5,0,4,4,0,0,0,0,0,0,0,0,0,0
21600,24,15,4,3,2,0,1,0,0,1,0,0,0,0,0,0,0,0
21700,88,70,7,4,3,4,7,7,0,0,0,0,0,0,0,0,0,0
21800,64,33,13,6,4,8,5,4,1,0,0,0,0,0,0,0,0,0
21900,11,10,0,1,0,0,2,2,0,0,0,0,0,0,0,0,0,0
22000,11,8,1,1,0,1,1,0,1,0,0,0,0,0,0,0,0,0
23100,7,6,0,1,0,0,1,1,0,0,0,0,0,0,0,0,0,0
23500,6,4,1,1,0,0,0,0,0,0,0,0,0,0,0,0,0,0
23600,28,18,7,0,2,1,1,1,0,0,0,0,0,0,0,0,0,0
23700,57,16,32,5,0,4,4,0,4,0,0,0,4,0,3,0,0,1
23800,55,16,36,0,2,1,7,1,5,0,1,0,0,0,0,0,0,0
23900,27,5,14,4,2,2,2,0,1,0,0,1,0,0,0,0,0,0
24000,50,10,35,1,1,3,4,1,3,0,0,0,4,0,4,0,0,0
24100,21,3,11,2,1,4,2,0,2,0,0,0,1,0,1,0,0,0
24200,88,4,74,0,0,10,11,1,10,0,0,0,4,0,4,0,0,0
24300,73,12,53,1,2,5,7,0,7,0,0,0,1,0,1,0,0,0
24400,58,3,50,0,1,4,9,0,8,0,0,1,0,0,0,0,0,0
24500,71,1,63,0,3,4,9,0,9,0,0,0,2,0,2,0,0,0
24600,51,0,44,0,3,4,12,0,11,0,0,1,3,0,3,0,0,0
24700,67,2,61,0,4,0,11,0,10,0,1,0,2,0,2,0,0,0
24800,28,0,27,0,0,1,2,0,2,0,0,0,1,0,1,0,0,0
24900,66,2,58,0,3,3,7,0,7,0,0,0,2,0,1,0,0,1
25200,95,6,83,2,0,4,9,1,7,0,0,1,6,1,5,0,0,0
25300,58,4,46,0,3,5,12,0,9,0,1,2,2,0,1,0,0,1
25400,49,9,36,0,2,2,7,0,6,0,0,1,0,0,0,0,0,0
25500,27,8,12,0,1,6,6,0,4,0,0,2,0,0,0,0,0,0
25600,30,22,5,1,2,0,1,1,0,0,0,0,0,0,0,0,0,0
25700,35,18,7,3,3,4,4,0,1,2,0,1,0,0,0,0,0,0
25800,14,2,11,0,1,0,1,0,1,0,0,0,1,0,0,0,1,0
25900,40,0,37,1,0,2,6,0,6,0,0,0,0,0,0,0,0,0
26000,30,1,26,0,1,2,5,0,5,0,0,0,0,0,0,0,0,0
26100,28,0,24,0,0,4,4,0,4,0,0,0,0,0,0,0,0,0
26200,26,1,23,0,1,1,5,0,5,0,0,0,2,0,2,0,0,0
26301,42,3,32,0,0,7,3,0,1,0,0,2,0,0,0,0,0,0
26302,58,0,49,0,3,6,7,0,5,0,1,1,2,0,2,0,0,0
26400,55,1,44,2,4,4,10,0,8,0,1,1,1,0,1,0,0,0
26500,68,1,61,0,2,4,6,0,6,0,0,0,3,0,3,0,0,0
26600,63,0,57,0,2,4,13,0,12,0,0,1,2,0,1,0,1,0
26700,90,1,77,1,5,6,9,0,9,0,0,0,0,0,0,0,0,0
26800,65,1,50,0,5,9,10,0,9,0,1,0,0,0,0,0,0,0
26900,19,2,14,0,2,1,1,0,1,0,0,0,0,0,0,0,0,0
27000,22,1,17,0,2,2,4,0,3,0,0,1,2,0,1,0,0,1
27100,34,0,18,9,2,5,2,0,1,1,0,0,0,0,0,0,0,0
27200,60,2,43,0,6,9,9,0,8,0,1,0,2,0,2,0,0,0
27300,112,4,51,18,24,15,17,0,8,2,5,2,3,0,1,1,1,0
27401,53,1,24,9,14,5,4,0,2,0,1,1,3,0,2,0,1,0
27402,106,2,62,11,22,9,20,0,12,1,5,2,2,0,1,0,1,0
27500,65,3,37,10,11,4,6,0,3,1,2,0,1,0,1,0,0,0
27600,41,1,33,1,1,5,7,0,7,0,0,0,1,0,1,0,0,0
27700,59,1,47,0,5,6,5,0,5,0,0,0,2,0,2,0,0,0
27800,64,0,58,0,4,2,5,0,5,0,0,0,2,0,2,0,0,0
27901,50,1,45,1,1,2,7,0,7,0,0,0,0,0,0,0,0,0
27902,30,2,25,0,2,1,3,0,3,0,0,0,0,0,0,0,0,0
28000,58,0,54,0,3,1,5,0,5,0,0,0,1,0,1,0,0,0
28100,44,2,36,1,2,3,8,0,7,0,1,0,2,0,2,0,0,0
28200,82,2,67,3,6,4,10,2,6,0,0,2,3,0,3,0,0,0
28300,102,5,78,2,8,9,13,0,8,0,2,3,10,0,7,0,3,0
28400,76,2,43,0,27,4,8,0,4,0,4,0,4,0,3,0,1,0
28500,48,0,28,6,12,2,7,0,4,1,1,1,2,0,0,0,2,0
28600,118,5,61,8,39,5,13,1,7,0,5,0,2,0,0,0,2,0
28700,39,0,10,1,26,2,2,0,0,0,2,0,3,0,0,0,3,0
28800,84,1,13,7,53,10,14,1,4,1,8,0,3,0,0,0,3,0
28901,72,3,18,3,40,8,7,0,3,0,3,1,3,0,3,0,0,0
28902,128,6,35,4,71,12,8,0,1,1,6,0,3,0,0,0,3,0
29000,106,3,34,9,52,8,4,0,1,2,1,0,8,0,2,0,6,0
29100,71,2,21,20,24,4,8,0,2,2,3,1,3,0,1,0,2,0
29200,57,2,17,2,31,5,4,0,2,0,2,0,1,0,0,0,1,0
29300,74,13,31,0,27,3,11,1,7,0,3,0,4,0,2,0,2,0
29400,55,7,20,0,26,2,4,1,1,0,2,0,2,0,0,0,2,0
29800,76,10,36,2,26,2,12,2,6,1,3,0,0,0,0,0,0,0
29900,84,10,30,0,36,8,9,2,2,0,2,3,3,0,1,0,2,0
30000,129,10,78,2,32,7,11,2,5,0,3,1,7,0,5,0,2,0
30100,78,11,43,0,22,2,12,0,8,0,3,1,5,0,2,0,2,1
30200,123,11,65,1,35,11,11,2,9,0,0,0,3,0,2,0,1,0
30501,78,8,41,8,19,2,8,1,6,1,0,0,1,0,1,0,0,0
30502,90,7,49,5,18,11,12,1,10,0,1,0,2,0,2,0,0,0
30600,93,19,33,8,23,10,12,0,7,1,2,2,3,1,1,0,1,0
30700,46,16,10,3,11,6,5,2,2,1,0,0,1,0,0,0,0,1
30800,60,22,14,11,10,3,5,1,1,1,2,0,0,0,0,0,0,0
30900,74,5,32,8,21,8,16,0,9,3,2,2,1,0,0,0,0,1
31000,100,14,24,23,25,14,9,1,3,1,4,0,2,0,2,0,0,0
31101,79,7,37,2,29,4,8,0,6,0,2,0,2,0,0,0,2,0
31102,81,14,30,3,30,4,9,3,2,0,4,0,2,0,1,0,1,0
31200,77,6,32,1,32,6,10,0,8,0,1,1,1,0,0,0,1,0
31300,132,17,43,13,37,22,5,1,1,0,1,2,7,1,2,0,3,1
31401,118,16,22,22,44,14,13,0,4,2,5,2,1,0,1,0,0,0
31402,83,15,15,20,24,9,8,0,2,4,2,0,2,1,0,0,1,0
31501,85,46,14,6,14,5,4,4,0,0,0,0,0,0,0,0,0,0
31502,50,24,6,3,14,3,3,1,0,0,2,0,1,0,0,0,1,0
31600,87,35,14,9,21,8,8,3,3,2,0,0,1,1,0,0,0,0
31700,115,27,33,12,32,11,9,4,4,0,1,0,0,0,0,0,0,0
31800,79,6,26,1,41,5,8,0,2,0,5,1,1,0,1,0,0,0
31900,86,21,31,0,30,4,11,1,4,0,6,0,2,1,0,0,1,0
32000,83,37,14,2,21,9,6,1,0,0,4,1,2,0,1,0,1,0
32100,63,21,15,3,19,5,7,0,2,0,3,2,1,0,0,0,0,1
32300,61,21,17,1,16,6,6,4,1,0,1,0,2,1,0,0,1,0
32500,68,25,17,7,17,2,5,2,3,0,0,0,5,1,3,0,1,0
32600,96,46,20,0,20,10,5,1,2,0,2,0,2,0,0,0,1,1
32900,80,38,14,2,21,5,11,2,3,0,6,0,3,3,0,0,0,0
33000,131,62,25,8,30,6,9,4,1,1,2,1,4,1,2,0,1,0
33101,64,53,2,0,6,3,9,8,0,0,0,1,1,1,0,0,0,0
33102,53,28,10,0,10,5,2,1,0,0,0,1,1,1,0,0,0,0
33200,30,18,3,0,4,5,3,1,0,0,1,1,0,0,0,0,0,0
33300,47,28,6,5,4,4,4,2,0,1,0,1,0,0,0,0,0,0
33400,74,28,13,11,12,10,10,4,2,1,3,0,0,0,0,0,0,0
33500,52,19,8,6,9,10,4,2,1,0,1,0,0,0,0,0,0,0
33600,108,59,17,6,18,8,1,0,1,0,0,0,0,0,0,0,0,0
33701,76,40,7,8,10,11,4,2,1,1,0,0,2,1,0,0,0,1
33702,71,33,9,20,5,4,5,2,3,0,0,0,1,0,0,0,1,0
33800,82,44,8,9,10,11,6,4,0,0,1,1,1,0,0,0,0,1
33900,43,24,2,3,9,5,4,3,0,0,1,0,0,0,0,0,0,0
34000,39,31,1,3,3,1,3,3,0,0,0,0,1,0,0,0,0,1
34100,85,59,9,0,11,6,6,5,0,0,1,0,0,0,0,0,0,0
34200,43,22,10,7,3,1,9,6,3,0,0,0,0,0,0,0,0,0
34400,63,50,0,10,2,1,2,1,0,1,0,0,1,1,0,0,0,0
34501,45,14,11,12,5,3,4,1,1,2,0,0,0,0,0,0,0,0
34502,107,38,30,19,14,6,9,4,3,1,1,0,1,0,0,0,1,0
34600,41,15,16,3,6,1,4,0,2,1,1,0,0,0,0,0,0,0
34701,73,30,8,17,8,10,6,3,0,1,0,2,0,0,0,0,0,0
34702,40,27,3,0,5,5,0,0,0,0,0,0,0,0,0,0,0,0
34801,47,26,8,1,4,8,2,1,1,0,0,0,0,0,0,0,0,0
34802,62,23,22,0,11,6,1,1,0,0,0,0,0,0,0,0,0,0
34803,54,35,4,3,9,3,4,2,0,0,2,0,0,0,0,0,0,0
34900,90,34,19,9,22,6,8,5,2,0,0,1,2,1,1,0,0,0
35100,22,17,2,2,1,0,2,2,0,0,0,0,0,0,0,0,0,0
35200,32,23,3,4,1,1,2,1,1,0,0,0,0,0,0,0,0,0
35301,53,42,0,2,5,4,5,5,0,0,0,0,0,0,0,0,0,0
35302,58,40,7,2,6,3,3,2,0,0,1,0,0,0,0,0,0,0
35500,92,50,11,14,8,9,4,3,1,0,0,0,1,0,0,0,1,0
35601,42,21,1,10,4,6,5,1,1,1,0,2,1,0,0,0,1,0
35602,30,19,2,4,1,4,0,0,0,0,0,0,0,0,0,0,0,0
35701,65,27,6,19,5,8,3,2,0,0,1,0,0,0,0,0,0,0
35702,77,63,1,9,0,4,6,6,0,0,0,0,0,0,0,0,0,0
35800,62,44,0,11,3,4,4,3,0,0,1,0,0,0,0,0,0,0
35900,59,37,3,14,1,4,1,1,0,0,0,0,0,0,0,0,0,0
36000,31,15,5,7,3,1,2,0,2,0,0,0,0,0,0,0,0,0
36100,53,29,8,5,6,5,2,1,1,0,0,0,0,0,0,0,0,0
36201,65,45,5,2,6,7,5,2,2,0,0,1,0,0,0,0,0,0
36202,81,66,2,4,5,4,11,10,0,0,1,0,0,0,0,0,0,0
36203,62,53,0,2,4,3,5,5,0,0,0,0,0,0,0,0,0,0
36301,38,27,2,2,1,6,0,0,0,0,0,0,0,0,0,0,0,0
36302,55,30,16,2,5,2,8,4,3,0,1,0,0,0,0,0,0,0
36303,80,67,0,3,4,6,4,4,0,0,0,0,0,0,0,0,0,0
36400,2,1,1,0,0,0,0,0,0,0,0,0,0,0,0,0,0,0
36501,62,34,5,4,6,13,2,0,0,1,0,1,1,0,1,0,0,0
36502,49,44,1,2,1,1,5,3,0,2,0,0,0,0,0,0,0,0
36600,31,21,0,5,1,4,0,0,0,0,0,0,0,0,0,0,0,0
36700,63,38,8,6,4,7,6,1,2,0,1,2,0,0,0,0,0,0
36900,14,5,1,5,1,2,0,0,0,0,0,0,0,0,0,0,0,0
37200,48,21,4,8,7,8,4,0,1,0,0,3,2,0,0,0,1,1
37300,45,21,11,8,1,4,3,1,2,0,0,0,0,0,0,0,0,0
37500,41,4,18,9,2,8,1,0,0,1,0,0,1,0,1,0,0,0
37600,46,7,6,11,14,8,0,0,0,0,0,0,0,0,0,0,0,0
37700,43,2,29,1,10,1,6,0,4,0,1,1,0,0,0,0,0,0
37800,46,32,5,2,4,3,2,1,1,0,0,0,1,0,0,0,0,1
37900,80,71,3,0,0,6,6,5,0,0,0,1,2,2,0,0,0,0
38000,43,26,5,1,10,1,5,4,0,0,1,0,1,1,0,0,0,0
38100,16,10,3,0,3,0,4,3,0,0,1,0,0,0,0,0,0,0
38200,52,21,11,1,17,2,6,1,1,0,3,1,3,1,0,0,2,0
38300,45,2,11,2,27,3,6,0,0,1,4,1,3,1,1,0,0,1
38400,30,22,5,1,1,1,1,0,0,0,1,0,0,0,0,0,0,0
38500,10,7,0,0,3,0,0,0,0,0,0,0,0,0,0,0,0,0
38600,12,9,2,0,1,0,0,0,0,0,0,0,0,0,0,0,0,0
38700,25,24,0,0,1,0,2,2,0,0,0,0,0,0,0,0,0,0
38800,51,30,11,1,5,4,5,2,2,0,1,0,0,0,0,0,0,0
38900,50,2,45,1,1,1,6,0,6,0,0,0,1,0,1,0,0,0
39000,137,8,74,4,38,13,18,0,13,0,3,2,5,0,5,0,0,0
980000,17,1,9,1,2,4,2,0,0,0,1,1,0,0,0,0,0,0
980200,1,1,0,0,0,0,0,0,0,0,0,0,0,0,0,0,0,0
980500,1,0,0,0,1,0,0,0,0,0,0,0,0,0,0,0,0,0
980600,1,0,0,0,0,1,0,0,0,0,0,0,0,0,0,0,0,0
980700,1,0,1,0,0,0,0,0,0,0,0,0,0,0,0,0,0,0
980800,7,0,7,0,0,0,1,0,1,0,0,0,0,0,0,0,0,0
980900,13,4,1,3,0,5,0,0,0,0,0,0,0,0,0,0,0,0
999999,10,1,0,0,1,8,0,0,0,0,0,0,0,0,0,0,0,0
